epoch,step,train_accuracy,train_auc,train_f1,train_loss,train_precision,val_accuracy,val_auc,val_f1,val_loss,val_precision
0,467,,,,,,0.7796000242233276,0.868417501449585,0.7788037061691284,0.46024957299232483,0.7450076937675476
0,467,0.7270299196243286,0.8079981803894043,0.7318289279937744,0.5419986248016357,0.7257351279258728,,,,,
1,935,,,,,,0.8148000240325928,0.9043687582015991,0.7943136096000671,0.4026317298412323,0.8418079018592834
1,935,0.8024172186851501,0.8862104415893555,0.8051879405975342,0.4251173734664917,0.8013366460800171,,,,,
2,1403,,,,,,0.7879999876022339,0.912398099899292,0.8050037026405334,0.44491419196128845,0.7155003547668457
2,1403,0.8203792572021484,0.9054750204086304,0.822207510471344,0.3891508877277374,0.8215559124946594,,,,,
3,1871,,,,,,0.8343999981880188,0.9145292043685913,0.8336012959480286,0.37850046157836914,0.798306405544281
3,1871,0.8340678215026855,0.9174923896789551,0.836222231388092,0.36581486463546753,0.8327645063400269,,,,,
